,time,avg_packet_len,packet_count,cpu_usage,mem_usage,bandwidth_calc,bandwidth,bandwidth_limit,cpu_limit
0,2020-12-01 20:51:29.926302,734,106,0.0,0.020630532553393408,77804,138685,0,0
1,2020-12-01 20:51:30.943141,698,183,0.0,0.020630532553393408,127734,142505,0,0
2,2020-12-01 20:51:32.027582,758,182,0.0,0.020630532553393408,137956,149850,0,0
3,2020-12-01 20:51:33.055196,750,185,0.0,0.020630532553393408,138750,139086,0,0
4,2020-12-01 20:51:34.143621,679,211,0.0,0.020630532553393408,143269,150477,0,0
5,2020-12-01 20:51:35.195294,712,196,0.0,0.020630532553393408,139552,136009,0,0
6,2020-12-01 20:51:36.251168,739,191,0.0,0.020630532553393408,141149,145778,0,0
7,2020-12-01 20:51:37.275297,736,206,0.0,0.020630532553393408,151616,163061,0,0
8,2020-12-01 20:51:38.299361,779,194,0.0,0.020630532553393408,151126,152776,0,0
9,2020-12-01 20:51:39.355372,748,209,0.0,0.020630532553393408,156332,164917,0,0
10,2020-12-01 20:51:40.415360,706,208,0.0,0.020630532553393408,146848,160548,0,0
11,2020-12-01 20:51:41.467683,663,233,0.0,0.020630532553393408,154479,154822,0,0
12,2020-12-01 20:51:42.555376,661,232,0.0,0.020630532553393408,153352,160005,0,0
13,2020-12-01 20:51:43.579746,731,197,0.0,0.020630532553393408,144007,144572,0,0
14,2020-12-01 20:51:44.603473,740,209,0.0,0.020630532553393408,154660,164175,0,0
15,2020-12-01 20:51:45.631697,824,188,0.0,0.020630532553393408,154912,153148,0,0
16,2020-12-01 20:51:46.715583,713,207,0.0,0.020630532553393408,147591,159143,0,0
17,2020-12-01 20:51:47.739406,791,185,0.0,0.020630532553393408,146335,142314,0,0
18,2020-12-01 20:51:48.795470,800,189,0.0,0.020630532553393408,151200,150766,0,0
19,2020-12-01 20:51:49.819278,746,191,0.0,0.020630532553393408,142486,150894,0,0
20,2020-12-01 20:51:50.875282,774,183,0.0,0.020630532553393408,141642,151428,0,0
21,2020-12-01 20:51:51.899209,782,187,0.0,0.020630532553393408,146234,144388,0,0
22,2020-12-01 20:51:52.927194,767,181,0.0,0.020630532553393408,138827,141749,0,0
23,2020-12-01 20:51:53.980328,701,224,0.0,0.020630532553393408,157024,157890,0,0
24,2020-12-01 20:51:55.039744,702,211,0.0,0.020630532553393408,148122,153226,0,0
25,2020-12-01 20:51:56.127294,748,200,0.0,0.020630532553393408,149600,162788,0,0
26,2020-12-01 20:51:57.179307,722,215,0.0,0.020630532553393408,155230,148316,0,0
27,2020-12-01 20:51:58.207382,786,192,0.0,0.020630532553393408,150912,162971,0,0
28,2020-12-01 20:51:59.263664,762,189,0.0,0.020630532553393408,144018,151365,0,0
29,2020-12-01 20:52:00.315465,740,213,0.0,0.020630532553393408,157620,156679,0,0
30,2020-12-01 20:52:01.371657,751,205,0.0,0.020630532553393408,153955,155408,0,0
31,2020-12-01 20:52:02.427379,758,200,0.0,0.020630532553393408,151600,159722,0,0
32,2020-12-01 20:52:03.455174,785,197,0.0,0.020630532553393408,154645,156393,0,0
33,2020-12-01 20:52:04.507178,708,208,0.0,0.020630532553393408,147264,151233,0,0
34,2020-12-01 20:52:05.563358,765,193,0.0,0.020630532553393408,147645,149455,0,0
35,2020-12-01 20:52:06.587381,778,182,0.0,0.020630532553393408,141596,145742,0,0
36,2020-12-01 20:52:07.611356,661,223,0.0,0.020630532553393408,147403,151426,0,0
37,2020-12-01 20:52:08.635276,684,204,0.0,0.020630532553393408,139536,155872,0,0
38,2020-12-01 20:52:09.695434,740,220,0.0,0.020630532553393408,162800,170154,0,0
39,2020-12-01 20:52:10.815292,720,230,0.0,0.020630532553393408,165600,172777,0,0
40,2020-12-01 20:52:11.867551,724,229,0.0,0.020630532553393408,165796,164889,0,0
41,2020-12-01 20:52:12.923497,710,216,0.0,0.020630532553393408,153360,170752,0,0
42,2020-12-01 20:52:13.948340,737,214,0.0,0.020630532553393408,157718,160689,0,0
43,2020-12-01 20:52:15.007383,757,191,0.0,0.020630532553393408,144587,150357,0,0
44,2020-12-01 20:52:16.063162,768,199,0.0,0.020630532553393408,152832,154534,0,0
45,2020-12-01 20:52:17.151346,767,195,0.0,0.020630532553393408,149565,156473,0,0
46,2020-12-01 20:52:18.203409,805,187,0.0,0.020630532553393408,150535,159978,0,0
47,2020-12-01 20:52:19.263339,747,193,0.0,0.020630532553393408,144171,151112,0,0
48,2020-12-01 20:52:20.320660,766,211,0.0,0.020630532553393408,161626,162673,0,0
49,2020-12-01 20:52:21.439878,780,192,0.0,0.020630532553393408,149760,162383,0,0
50,2020-12-01 20:52:22.522793,781,203,0.0,0.020630532553393408,158543,158764,0,0
51,2020-12-01 20:52:23.551356,725,197,0.0,0.020630532553393408,142825,146626,0,0
52,2020-12-01 20:52:24.699243,755,213,0.0,0.020630532553393408,160815,166164,0,0
53,2020-12-01 20:52:25.723121,723,200,0.0,0.020630532553393408,144600,151586,0,0
54,2020-12-01 20:52:26.747365,761,208,0.0,0.020630532553393408,158288,159675,0,0
55,2020-12-01 20:52:27.807937,753,205,0.0,0.020630532553393408,154365,164726,0,0
56,2020-12-01 20:52:28.895595,791,215,0.0,0.020630532553393408,170065,180854,0,0
57,2020-12-01 20:52:29.947243,718,235,0.0,0.020630532553393408,168730,166238,0,0
58,2020-12-01 20:52:30.971259,715,206,0.0,0.020630532553393408,147290,150828,0,0
59,2020-12-01 20:52:32.031267,785,183,0.0,0.020630532553393408,143655,151380,0,0
60,2020-12-01 20:52:33.051293,793,188,0.0,0.020630532553393408,149084,157205,0,0
61,2020-12-01 20:52:34.107311,729,209,0.0,0.020630532553393408,152361,155220,0,0
62,2020-12-01 20:52:35.163307,747,196,0.0,0.020630532553393408,146412,150901,0,0
63,2020-12-01 20:52:36.187640,811,181,0.0,0.020630532553393408,146791,150249,0,0
64,2020-12-01 20:52:37.211178,748,191,0.0,0.020630532553393408,142868,149130,0,0
65,2020-12-01 20:52:38.239426,727,198,0.0,0.020630532553393408,143946,146576,0,0
66,2020-12-01 20:52:39.291300,751,192,0.0,0.020630532553393408,144192,143981,0,0
67,2020-12-01 20:52:40.347262,742,194,0.0,0.020630532553393408,143948,153814,0,0
68,2020-12-01 20:52:41.403337,748,193,0.0,0.020630532553393408,144364,147638,0,0
69,2020-12-01 20:52:42.431280,760,196,0.0,0.020630532553393408,148960,154641,0,0
70,2020-12-01 20:52:43.515276,806,198,0.0,0.020630532553393408,159588,166767,0,0
71,2020-12-01 20:52:44.539231,741,192,0.0,0.020630532553393408,142272,148667,0,0
72,2020-12-01 20:52:45.563351,740,200,0.0,0.020630532553393408,148000,149415,0,0
73,2020-12-01 20:52:46.651122,767,196,0.0,0.020630532553393408,150332,157334,0,0
74,2020-12-01 20:52:47.674661,715,190,0.0,0.020630532553393408,135850,148577,0,0
75,2020-12-01 20:52:48.731296,752,187,0.0,0.020630532553393408,140624,151758,0,0
76,2020-12-01 20:52:49.787439,756,205,0.0,0.020630532553393408,154980,156132,0,0
77,2020-12-01 20:52:50.843290,743,200,0.0,0.020630532553393408,148600,152480,0,0
78,2020-12-01 20:52:51.867338,729,192,0.0,0.020630532553393408,139968,155516,0,0
79,2020-12-01 20:52:52.891355,739,202,0.0,0.020630532553393408,149278,145634,0,0
80,2020-12-01 20:52:53.951163,681,212,0.0,0.020630532553393408,144372,151743,0,0
81,2020-12-01 20:52:55.007383,756,205,0.0,0.020630532553393408,154980,158341,0,0
82,2020-12-01 20:52:56.091268,706,190,0.0,0.020630532553393408,134140,144750,0,0
83,2020-12-01 20:52:57.115471,707,210,0.0,0.020630532553393408,148470,150616,0,0
84,2020-12-01 20:52:58.175338,718,199,0.0,0.020630532553393408,142882,162403,0,0
85,2020-12-01 20:52:59.227340,770,195,0.0,0.020630532553393408,150150,150398,0,0
86,2020-12-01 20:53:00.251260,732,195,0.0,0.020630532553393408,142740,146564,0,0
87,2020-12-01 20:53:01.275423,696,198,0.0,0.020630532553393408,137808,150299,0,0
88,2020-12-01 20:53:02.299562,728,193,0.0,0.020630532553393408,140504,148720,0,0
89,2020-12-01 20:53:03.355252,744,198,0.0,0.020630532553393408,147312,157248,0,0
90,2020-12-01 20:53:04.443198,703,229,0.0,0.020630532553393408,160987,167650,0,0
91,2020-12-01 20:53:05.467194,735,199,0.0,0.020630532553393408,146265,142618,0,0
92,2020-12-01 20:53:06.522930,657,206,0.0,0.020630532553393408,135342,144774,0,0
93,2020-12-01 20:53:07.547432,666,220,0.0,0.020630532553393408,146520,157188,0,0
94,2020-12-01 20:53:08.571427,663,213,0.0,0.020630532553393408,141219,148788,0,0
95,2020-12-01 20:53:09.627448,663,224,0.0,0.020630532553393408,148512,170093,0,0
96,2020-12-01 20:53:10.683301,770,203,0.0,0.020630532553393408,156310,143992,0,0
97,2020-12-01 20:53:11.706722,722,189,0.0,0.020630532553393408,136458,152488,0,0
98,2020-12-01 20:53:12.767464,736,198,0.0,0.020630532553393408,145728,149753,0,0
99,2020-12-01 20:53:13.819729,745,205,0.0,0.020630532553393408,152725,155748,0,0
100,2020-12-01 20:53:14.874599,760,189,0.0,0.020630532553393408,143640,157197,0,0
101,2020-12-01 20:53:15.963896,721,202,0.0,0.020630532553393408,145642,147134,0,0
102,2020-12-01 20:53:17.019375,741,205,0.0,0.020630532553393408,151905,167935,0,0
103,2020-12-01 20:53:18.111297,727,204,0.0,0.020630532553393408,148308,154033,0,0
104,2020-12-01 20:53:19.195046,756,200,0.0,0.020630532553393408,151200,150476,0,0
105,2020-12-01 20:53:20.251477,746,196,0.0,0.020630532553393408,146216,165710,0,0
106,2020-12-01 20:53:21.275250,754,192,0.0,0.020630532553393408,144768,142919,0,0
107,2020-12-01 20:53:22.304190,765,194,0.0,0.020630532553393408,148410,149865,0,0
108,2020-12-01 20:53:23.355056,732,193,0.0,0.020630532553393408,141276,147889,0,0
109,2020-12-01 20:53:24.383341,730,190,0.0,0.020630532553393408,138700,154657,0,0
110,2020-12-01 20:53:25.439393,758,188,0.0,0.020630532553393408,142504,151895,0,0
111,2020-12-01 20:53:26.522568,745,205,0.0,0.020630532553393408,152725,154509,0,0
112,2020-12-01 20:53:27.579732,759,192,0.0,0.020630532553393408,145728,150209,0,0
113,2020-12-01 20:53:28.667448,781,189,0.0,0.020630532553393408,147609,161460,0,0
114,2020-12-01 20:53:29.723689,741,205,0.0,0.020630532553393408,151905,155961,0,0
115,2020-12-01 20:53:30.778765,707,206,0.0,0.020630532553393408,145642,167568,0,0
116,2020-12-01 20:53:31.835401,772,203,0.0,0.020630532553393408,156716,169021,0,0
117,2020-12-01 20:53:32.923506,724,220,0.0,0.020630532553393408,159280,162696,0,0
118,2020-12-01 20:53:33.983326,734,209,0.0,0.020630532553393408,153406,163814,0,0
119,2020-12-01 20:53:35.035516,711,229,0.0,0.020630532553393408,162819,170275,0,0
120,2020-12-01 20:53:36.059530,766,202,0.0,0.020630532553393408,154732,158220,0,0
121,2020-12-01 20:53:37.119554,783,203,0.0,0.020630532553393408,158949,162207,0,0
122,2020-12-01 20:53:38.207504,698,223,0.0,0.020630532553393408,155654,167467,0,0
123,2020-12-01 20:53:39.259155,741,207,0.0,0.020630532553393408,153387,155666,0,0
124,2020-12-01 20:53:40.283432,714,194,0.0,0.020630532553393408,138516,135703,0,0
125,2020-12-01 20:53:41.342975,747,208,0.0,0.020630532553393408,155376,161723,0,0
126,2020-12-01 20:53:42.399173,705,224,0.0,0.020630532553393408,157920,168704,0,0
127,2020-12-01 20:53:43.516028,738,227,0.0,0.020630532553393408,167526,162260,0,0
128,2020-12-01 20:53:44.602516,689,222,0.0,0.020630532553393408,152958,174580,0,0
129,2020-12-01 20:53:45.691492,681,245,0.0,0.020630532553393408,166845,170561,0,0
130,2020-12-01 20:53:46.747184,776,207,0.0,0.020630532553393408,160632,160527,0,0
131,2020-12-01 20:53:47.803396,739,206,0.0,0.020630532553393408,152234,168566,0,0
132,2020-12-01 20:53:48.859319,730,219,0.0,0.020630532553393408,159870,160554,0,0
133,2020-12-01 20:53:49.883424,711,217,0.0,0.020630532553393408,154287,156208,0,0
134,2020-12-01 20:53:50.939333,723,220,0.0,0.020630532553393408,159060,163725,0,0
135,2020-12-01 20:53:51.963394,766,200,0.0,0.020630532553393408,153200,158161,0,0
136,2020-12-01 20:53:52.987783,755,197,0.0,0.020630532553393408,148735,149937,0,0
137,2020-12-01 20:53:54.011284,715,216,0.0,0.020630532553393408,154440,168783,0,0
138,2020-12-01 20:53:55.067419,718,219,0.0,0.020630532553393408,157242,155289,0,0
139,2020-12-01 20:53:56.123427,706,203,0.0,0.020630532553393408,143318,154465,0,0
140,2020-12-01 20:53:57.147517,697,217,0.0,0.020630532553393408,151249,155575,0,0
141,2020-12-01 20:53:58.203115,653,204,0.0,0.020630532553393408,133212,142086,0,0
142,2020-12-01 20:53:59.291106,657,217,0.0,0.020630532553393408,142569,138924,0,0
143,2020-12-01 20:54:00.347368,615,220,0.0,0.020630532553393408,135300,154588,0,0
144,2020-12-01 20:54:01.371156,664,225,0.0,0.020630532553393408,149400,148166,0,0
145,2020-12-01 20:54:02.395319,633,197,0.0,0.020630532553393408,124701,133819,0,0
146,2020-12-01 20:54:03.423267,648,206,0.0,0.020630532553393408,133488,149684,0,0
147,2020-12-01 20:54:04.443074,620,209,0.0,0.020630532553393408,129580,128591,0,0
148,2020-12-01 20:54:05.470775,688,212,0.0,0.020630532553393408,145856,156386,0,0
149,2020-12-01 20:54:06.559380,693,216,0.0,0.020630532553393408,149688,157133,0,0
150,2020-12-01 20:54:07.611535,649,194,0.0,0.020630532553393408,125906,128163,0,0
151,2020-12-01 20:54:08.635256,659,182,0.0,0.020630532553393408,119938,121195,0,0
152,2020-12-01 20:54:09.659330,638,174,0.0,0.020630532553393408,111012,114312,0,0
153,2020-12-01 20:54:10.687078,635,168,0.0,0.020630532553393408,106680,123690,0,0
154,2020-12-01 20:54:11.771712,663,195,0.0,0.020630532553393408,129285,142325,0,0
155,2020-12-01 20:54:12.859484,609,214,0.0,0.020630532553393408,130326,142690,0,0
156,2020-12-01 20:54:13.915611,629,234,0.0,0.020630532553393408,147186,148722,0,0
157,2020-12-01 20:54:14.971458,622,204,0.0,0.020630532553393408,126888,127356,0,0
158,2020-12-01 20:54:15.995063,697,175,0.0,0.020630532553393408,121975,139707,0,0
159,2020-12-01 20:54:17.051418,693,191,0.0,0.020630532553393408,132363,141435,0,0
160,2020-12-01 20:54:18.075064,719,187,0.0,0.020630532553393408,134453,135844,0,0
161,2020-12-01 20:54:19.131305,729,185,0.0,0.020630532553393408,134865,148466,0,0
162,2020-12-01 20:54:20.154703,658,196,0.0,0.020630532553393408,128968,120532,0,0
163,2020-12-01 20:54:21.183453,668,181,0.0,0.020630532553393408,120908,134196,0,0
164,2020-12-01 20:54:22.235333,712,185,0.0,0.020630532553393408,131720,135474,0,0
165,2020-12-01 20:54:23.259395,642,200,0.0,0.020630532553393408,128400,127102,0,0
166,2020-12-01 20:54:24.315509,622,211,0.0,0.020630532553393408,131242,150859,0,0
167,2020-12-01 20:54:25.371501,622,232,0.0,0.020630532553393408,144304,289646,0,0
168,2020-12-01 20:54:26.463143,642,200,0.0,0.020630532553393408,128400,150727,0,0
169,2020-12-01 20:54:27.515492,701,219,0.0,0.020630532553393408,153519,138895,0,0
170,2020-12-01 20:54:28.539534,713,187,0.0,0.020630532553393408,133331,136898,0,0
171,2020-12-01 20:54:29.567366,687,190,0.0,0.020630532553393408,130530,132509,0,0
172,2020-12-01 20:54:30.587612,678,194,0.0,0.020630532553393408,131532,141893,0,0
173,2020-12-01 20:54:31.611189,688,188,0.0,0.020630532553393408,129344,136192,0,0
174,2020-12-01 20:54:32.635870,707,193,0.0,0.020630532553393408,136451,139136,0,0
175,2020-12-01 20:54:33.691571,690,192,0.0,0.020630532553393408,132480,137647,0,0
176,2020-12-01 20:54:34.719132,675,193,0.0,0.020630532553393408,130275,134854,0,0
177,2020-12-01 20:54:35.835150,697,200,0.0,0.020630532553393408,139400,143408,0,0
178,2020-12-01 20:54:36.859265,701,182,0.0,0.020630532553393408,127582,126766,0,0
179,2020-12-01 20:54:37.883095,666,171,0.0,0.020630532553393408,113886,130224,0,0
180,2020-12-01 20:54:38.907411,718,201,0.0,0.020630532553393408,144318,146535,0,0
181,2020-12-01 20:54:39.963354,736,212,0.0,0.020630532553393408,156032,157847,0,0
182,2020-12-01 20:54:40.987341,778,191,0.0,0.020630532553393408,148598,160939,0,0
183,2020-12-01 20:54:42.047650,696,226,0.0,0.020630532553393408,157296,160299,0,0
184,2020-12-01 20:54:43.099153,649,239,0.0,0.020630532553393408,155111,159900,0,0
185,2020-12-01 20:54:44.123712,636,215,0.0,0.020630532553393408,136740,143700,0,0
186,2020-12-01 20:54:45.151212,748,205,0.0,0.020630532553393408,153340,158854,0,0
187,2020-12-01 20:54:46.235278,730,212,0.0,0.020630532553393408,154760,154670,0,0
188,2020-12-01 20:54:47.259281,750,202,0.0,0.020630532553393408,151500,158416,0,0
189,2020-12-01 20:54:48.319264,683,207,0.0,0.020630532553393408,141381,150099,0,0
190,2020-12-01 20:54:49.407494,766,201,0.0,0.020630532553393408,153966,159095,0,0
191,2020-12-01 20:54:50.463397,744,208,0.0,0.020630532553393408,154752,158006,0,0
192,2020-12-01 20:54:51.551332,735,199,0.0,0.020630532553393408,146265,157775,0,0
193,2020-12-01 20:54:52.571144,735,204,0.0,0.020630532553393408,149940,153033,0,0
194,2020-12-01 20:54:53.631378,729,205,0.0,0.020630532553393408,149445,152850,0,0
195,2020-12-01 20:54:54.688055,737,220,0.0,0.020630532553393408,162140,162057,0,0
196,2020-12-01 20:54:55.775841,735,219,0.0,0.020630532553393408,160965,171164,0,0
197,2020-12-01 20:54:56.891069,735,224,0.0,0.020630532553393408,164640,194072,0,0
198,2020-12-01 20:54:57.919904,751,223,0.0,0.020630532553393408,167473,168149,0,0
199,2020-12-01 20:54:58.971375,716,210,0.0,0.020630532553393408,150360,153229,0,0
200,2020-12-01 20:55:00.058660,741,197,0.0,0.020630532553393408,145977,163743,0,0
201,2020-12-01 20:55:01.115587,663,190,0.0,0.020630532553393408,125970,121335,0,0
202,2020-12-01 20:55:02.171251,706,173,0.0,0.020630532553393408,122138,131628,0,0
203,2020-12-01 20:55:03.227197,488,153,0.0,0.020630532553393408,74664,85703,0,0
204,2020-12-01 20:55:04.287384,667,208,0.0,0.020630532553393408,138736,149238,0,0
205,2020-12-01 20:55:05.403122,659,249,0.0,0.020630532553393408,164091,175950,0,0
206,2020-12-01 20:55:06.427194,746,186,0.0,0.020630532553393408,138756,133419,0,0
207,2020-12-01 20:55:07.455608,668,221,0.0,0.020630532553393408,147628,163575,0,0
208,2020-12-01 20:55:08.507506,635,215,0.0,0.020630532553393408,136525,134933,0,0
209,2020-12-01 20:55:09.531615,653,182,0.0,0.020630532553393408,118846,117678,0,0
210,2020-12-01 20:55:10.587353,734,187,0.0,0.020630532553393408,137258,150590,0,0
211,2020-12-01 20:55:11.643214,701,198,0.0,0.020630532553393408,138798,152899,0,0
212,2020-12-01 20:55:12.699337,727,209,0.0,0.020630532553393408,151943,155026,0,0
213,2020-12-01 20:55:13.755160,778,189,0.0,0.020630532553393408,147042,164805,0,0
214,2020-12-01 20:55:14.779422,718,214,0.0,0.020630532553393408,153652,155354,0,0
215,2020-12-01 20:55:15.803297,723,212,0.0,0.020630532553393408,153276,154241,0,0
216,2020-12-01 20:55:16.831392,738,197,0.0,0.020630532553393408,145386,150181,0,0
217,2020-12-01 20:55:17.915480,761,224,0.0,0.020630532553393408,170464,180042,0,0
218,2020-12-01 20:55:18.939393,815,195,0.0,0.020630532553393408,158925,159566,0,0
219,2020-12-01 20:55:19.967242,757,191,0.0,0.020630532553393408,144587,146269,0,0
220,2020-12-01 20:55:21.083279,728,204,0.0,0.020630532553393408,148512,163309,0,0
221,2020-12-01 20:55:22.111261,735,210,0.0,0.020630532553393408,154350,153703,0,0
222,2020-12-01 20:55:23.195632,734,206,0.0,0.020630532553393408,151204,158963,0,0
223,2020-12-01 20:55:24.219180,709,216,0.0,0.020630532553393408,153144,157859,0,0
224,2020-12-01 20:55:25.247228,741,207,0.0,0.020630532553393408,153387,156140,0,0
225,2020-12-01 20:55:26.267442,745,189,0.0,0.020630532553393408,140805,148194,0,0
226,2020-12-01 20:55:27.323437,729,210,0.0,0.020630532553393408,153090,161390,0,0
227,2020-12-01 20:55:28.379331,742,202,0.0,0.020630532553393408,149884,159526,0,0
228,2020-12-01 20:55:29.403680,671,221,0.0,0.020630532553393408,148291,150035,0,0
229,2020-12-01 20:55:30.427390,676,222,0.0,0.020630532553393408,150072,149336,0,0
230,2020-12-01 20:55:31.483319,730,212,0.0,0.020630532553393408,154760,162988,0,0
231,2020-12-01 20:55:32.539354,765,200,0.0,0.020630532553393408,153000,164660,0,0
232,2020-12-01 20:55:33.563348,753,203,0.0,0.020630532553393408,152859,156257,0,0
233,2020-12-01 20:55:34.587306,681,241,0.0,0.020630532553393408,164121,165244,0,0
234,2020-12-01 20:55:35.611037,716,208,0.0,0.020630532553393408,148928,151636,0,0
235,2020-12-01 20:55:36.635426,712,214,0.0,0.020630532553393408,152368,160607,0,0
236,2020-12-01 20:55:37.663398,698,220,0.0,0.020630532553393408,153560,155517,0,0
237,2020-12-01 20:55:38.719105,715,207,0.0,0.020630532553393408,148005,158176,0,0
238,2020-12-01 20:55:39.771221,703,187,0.0,0.020630532553393408,131461,119829,0,0
239,2020-12-01 20:55:40.795597,553,175,0.0,0.020630532553393408,96775,99880,0,0
240,2020-12-01 20:55:41.855256,612,186,0.0,0.020630532553393408,113832,138138,0,0
241,2020-12-01 20:55:42.875361,740,191,0.0,0.020630532553393408,141340,143656,0,0
242,2020-12-01 20:55:43.899573,784,185,0.0,0.020630532553393408,145040,157460,0,0
243,2020-12-01 20:55:44.955800,668,202,0.0,0.020630532553393408,134936,121913,0,0
244,2020-12-01 20:55:46.014953,565,158,0.0,0.020630532553393408,89270,88486,0,0
245,2020-12-01 20:55:47.067203,582,145,0.0,0.020630532553393408,84390,100122,0,0
246,2020-12-01 20:55:48.154658,611,179,0.0,0.020630532553393408,109369,138812,0,0
247,2020-12-01 20:55:49.179454,782,182,0.0,0.020630532553393408,142324,147218,0,0
248,2020-12-01 20:55:50.235367,699,206,0.0,0.020630532553393408,143994,148235,0,0
249,2020-12-01 20:55:51.259190,758,185,0.0,0.020630532553393408,140230,148012,0,0
250,2020-12-01 20:55:52.283273,736,187,0.0,0.020630532553393408,137632,139613,0,0
251,2020-12-01 20:55:53.311568,714,190,0.0,0.020630532553393408,135660,132596,0,0
252,2020-12-01 20:55:54.395277,725,193,0.0,0.020630532553393408,139925,152667,0,0
253,2020-12-01 20:55:55.454883,717,203,0.0,0.020630532553393408,145551,156436,0,0
254,2020-12-01 20:55:56.543612,735,203,0.0,0.020630532553393408,149205,151954,0,0
255,2020-12-01 20:55:57.595284,690,216,0.0,0.020630532553393408,149040,150531,0,0
256,2020-12-01 20:55:58.623255,676,198,0.0,0.020630532553393408,133848,140533,0,0
257,2020-12-01 20:55:59.739367,679,215,0.0,0.020630532553393408,145985,152057,0,0
258,2020-12-01 20:56:00.800046,634,224,0.0,0.020630532553393408,142016,137010,0,0
259,2020-12-01 20:56:01.915535,682,211,0.0,0.020630532553393408,143902,168615,0,0
260,2020-12-01 20:56:02.939361,695,204,0.0,0.020630532553393408,141780,137892,0,0
261,2020-12-01 20:56:03.999164,726,181,0.0,0.020630532553393408,131406,136091,0,0
262,2020-12-01 20:56:05.051114,661,190,0.0,0.020630532553393408,125590,134817,0,0
263,2020-12-01 20:56:06.074781,674,189,0.0,0.020630532553393408,127386,130607,0,0
264,2020-12-01 20:56:07.103115,709,181,0.0,0.020630532553393408,128329,139433,0,0
265,2020-12-01 20:56:08.187379,699,208,0.0,0.020630532553393408,145392,151802,0,0
266,2020-12-01 20:56:09.243212,726,187,0.0,0.020630532553393408,135762,135816,0,0
267,2020-12-01 20:56:10.267409,701,185,0.0,0.020630532553393408,129685,132741,0,0
268,2020-12-01 20:56:11.291563,680,156,0.0,0.020630532553393408,106080,102940,0,0
269,2020-12-01 20:56:12.347575,648,200,0.0,0.020630532553393408,129600,139516,0,0
270,2020-12-01 20:56:13.435347,714,230,0.0,0.020630532553393408,164220,170348,0,0
271,2020-12-01 20:56:14.492060,728,207,0.0,0.020630532553393408,150696,150387,0,0
272,2020-12-01 20:56:15.515608,672,198,0.0,0.020630532553393408,133056,138115,0,0
273,2020-12-01 20:56:16.571215,713,202,0.0,0.020630532553393408,144026,147175,0,0
274,2020-12-01 20:56:17.595255,745,194,0.0,0.020630532553393408,144530,150470,0,0
275,2020-12-01 20:56:18.619340,758,191,0.0,0.020630532553393408,144778,141226,0,0
276,2020-12-01 20:56:19.643228,691,192,0.0,0.020630532553393408,132672,140245,0,0
277,2020-12-01 20:56:20.699324,741,191,0.0,0.020630532553393408,141531,141333,0,0
278,2020-12-01 20:56:21.723160,694,196,0.0,0.020630532553393408,136024,143346,0,0
279,2020-12-01 20:56:22.751298,687,194,0.0,0.020630532553393408,133278,136170,0,0
280,2020-12-01 20:56:23.803325,674,203,0.0,0.020630532553393408,136822,137099,0,0
281,2020-12-01 20:56:24.831318,688,167,0.0,0.020630532553393408,114896,112202,0,0
282,2020-12-01 20:56:25.915089,677,173,0.0,0.020630532553393408,117121,133509,0,0
283,2020-12-01 20:56:26.971371,694,207,0.0,0.020630532553393408,143658,130805,0,0
284,2020-12-01 20:56:28.027361,629,193,0.0,0.020630532553393408,121397,129091,0,0
285,2020-12-01 20:56:29.083320,622,213,0.0,0.020630532553393408,132486,141122,0,0
286,2020-12-01 20:56:30.139413,729,197,0.0,0.020630532553393408,143613,157335,0,0
287,2020-12-01 20:56:31.163450,744,205,0.0,0.020630532553393408,152520,147631,0,0
288,2020-12-01 20:56:32.218762,768,199,0.0,0.020630532553393408,152832,162749,0,0
289,2020-12-01 20:56:33.247257,735,195,0.0,0.020630532553393408,143325,135925,0,0
290,2020-12-01 20:56:34.331217,676,208,0.0,0.020630532553393408,140608,149762,0,0
291,2020-12-01 20:56:35.355621,697,208,0.0,0.020630532553393408,144976,153632,0,0
292,2020-12-01 20:56:36.379110,712,194,0.0,0.020630532553393408,138128,130755,0,0
293,2020-12-01 20:56:37.403545,732,164,0.0,0.020630532553393408,120048,126275,0,0
294,2020-12-01 20:56:38.427742,691,191,0.0,0.020630532553393408,131981,141433,0,0
295,2020-12-01 20:56:39.451156,724,199,0.0,0.020630532553393408,144076,147743,0,0
296,2020-12-01 20:56:40.507374,772,191,0.0,0.020630532553393408,147452,151801,0,0
297,2020-12-01 20:56:41.535736,741,189,0.0,0.020630532553393408,140049,140655,0,0
298,2020-12-01 20:56:42.620314,660,166,0.0,0.020630532553393408,109560,124641,0,0
299,2020-12-01 20:56:43.647362,745,248,0.0,0.020630532553393408,184760,188467,0,0
300,2020-12-01 20:56:44.703403,879,387,0.0,0.020630532553393408,340173,393888,0,0
301,2020-12-01 20:56:45.787158,894,439,0.0,0.020630532553393408,392466,403148,0,0
302,2020-12-01 20:56:46.843147,925,416,0.0,0.020630532553393408,384800,392066,0,0
303,2020-12-01 20:56:47.935689,897,443,0.0,0.020630532553393408,397371,404011,0,0
304,2020-12-01 20:56:48.987543,894,432,0.0,0.020630532553393408,386208,389899,0,0
305,2020-12-01 20:56:50.043691,892,435,0.0,0.020630532553393408,388020,392450,0,0
306,2020-12-01 20:56:51.067659,929,400,0.0,0.020630532553393408,371600,382163,0,0
307,2020-12-01 20:56:52.092384,923,402,0.0,0.020630532553393408,371046,377926,0,0
308,2020-12-01 20:56:53.115126,914,410,0.0,0.020630532553393408,374740,383653,0,0
309,2020-12-01 20:56:54.175199,855,424,0.0,0.020630532553393408,362520,311766,0,0
310,2020-12-01 20:56:55.230684,644,230,0.0,0.020630532553393408,148120,148814,0,0
311,2020-12-01 20:56:56.287269,681,209,0.0,0.020630532553393408,142329,154553,0,0
312,2020-12-01 20:56:57.371130,749,224,0.0,0.020630532553393408,167776,163796,0,0
313,2020-12-01 20:56:58.431134,762,198,0.0,0.020630532553393408,150876,158041,0,0
314,2020-12-01 20:56:59.482515,792,196,0.0,0.020630532553393408,155232,164591,0,0
315,2020-12-01 20:57:00.507451,743,197,0.0,0.020630532553393408,146371,143815,0,0
316,2020-12-01 20:57:01.563179,740,196,0.0,0.020630532553393408,145040,151446,0,0
317,2020-12-01 20:57:02.651448,702,192,0.0,0.020630532553393408,134784,154818,0,0
318,2020-12-01 20:57:03.675370,743,192,0.0,0.020630532553393408,142656,139881,0,0
319,2020-12-01 20:57:04.699506,761,189,0.0,0.020630532553393408,143829,142650,0,0
320,2020-12-01 20:57:05.723296,736,179,0.0,0.020630532553393408,131744,143995,0,0
321,2020-12-01 20:57:06.747383,732,194,0.0,0.020630532553393408,142008,125489,0,0
322,2020-12-01 20:57:07.803353,732,184,0.0,0.020630532553393408,134688,153360,0,0
323,2020-12-01 20:57:08.859114,641,210,0.0,0.020630532553393408,134610,136703,0,0
324,2020-12-01 20:57:09.915384,669,218,0.0,0.020630532553393408,145842,144278,0,0
325,2020-12-01 20:57:10.939593,696,198,0.0,0.020630532553393408,137808,152347,0,0
326,2020-12-01 20:57:11.995342,720,205,0.0,0.020630532553393408,147600,159865,0,0
327,2020-12-01 20:57:13.019217,755,189,0.0,0.020630532553393408,142695,137060,0,0
328,2020-12-01 20:57:14.047240,735,189,0.0,0.020630532553393408,138915,144901,0,0
329,2020-12-01 20:57:15.103247,711,204,0.0,0.020630532553393408,145044,160484,0,0
330,2020-12-01 20:57:16.187264,739,221,0.0,0.020630532553393408,163319,168829,0,0
331,2020-12-01 20:57:17.275379,762,219,0.0,0.020630532553393408,166878,170035,0,0
332,2020-12-01 20:57:18.331707,756,207,0.0,0.020630532553393408,156492,160141,0,0
333,2020-12-01 20:57:19.387049,773,199,0.0,0.020630532553393408,153827,159811,0,0
334,2020-12-01 20:57:20.443163,743,226,0.0,0.020630532553393408,167918,162995,0,0
335,2020-12-01 20:57:21.563234,747,208,0.0,0.020630532553393408,155376,174470,0,0
336,2020-12-01 20:57:22.619405,736,234,0.0,0.020630532553393408,172224,166893,0,0
337,2020-12-01 20:57:23.643332,594,239,0.0,0.020630532553393408,141966,155456,0,0
338,2020-12-01 20:57:24.667491,703,225,0.0,0.020630532553393408,158175,153804,0,0
339,2020-12-01 20:57:25.695472,676,208,0.0,0.020630532553393408,140608,147716,0,0
340,2020-12-01 20:57:26.747361,743,196,0.0,0.020630532553393408,145628,143507,0,0
341,2020-12-01 20:57:27.803209,694,205,0.0,0.020630532553393408,142270,150380,0,0
342,2020-12-01 20:57:28.827287,783,202,0.0,0.020630532553393408,158166,151876,0,0
343,2020-12-01 20:57:29.850992,736,181,0.0,0.020630532553393408,133216,147248,0,0
344,2020-12-01 20:57:30.939005,734,200,0.0,0.020630532553393408,146800,149631,0,0
345,2020-12-01 20:57:31.963132,727,195,0.0,0.020630532553393408,141765,145684,0,0
346,2020-12-01 20:57:32.987232,780,186,0.0,0.020630532553393408,145080,148193,0,0
347,2020-12-01 20:57:34.011191,721,211,0.0,0.020630532553393408,152131,152354,0,0
348,2020-12-01 20:57:35.103458,709,210,0.0,0.020630532553393408,148890,159649,0,0
349,2020-12-01 20:57:36.123317,734,197,0.0,0.020630532553393408,144598,141329,0,0
350,2020-12-01 20:57:37.147212,716,197,0.0,0.020630532553393408,141052,139738,0,0
351,2020-12-01 20:57:38.203381,741,206,0.0,0.020630532553393408,152646,160399,0,0
352,2020-12-01 20:57:39.259390,726,205,0.0,0.020630532553393408,148830,157290,0,0
353,2020-12-01 20:57:40.379496,761,200,0.0,0.020630532553393408,152200,155812,0,0
354,2020-12-01 20:57:41.471226,742,198,0.0,0.020630532553393408,146916,160337,0,0
355,2020-12-01 20:57:42.491515,741,194,0.0,0.020630532553393408,143754,146379,0,0
356,2020-12-01 20:57:43.547494,761,189,0.0,0.020630532553393408,143829,152442,0,0
357,2020-12-01 20:57:44.603258,765,220,0.0,0.020630532553393408,168300,160688,0,0
358,2020-12-01 20:57:45.627311,723,195,0.0,0.020630532553393408,140985,142622,0,0
359,2020-12-01 20:57:46.719298,705,189,0.0,0.020630532553393408,133245,142341,0,0
360,2020-12-01 20:57:47.775343,746,215,0.0,0.020630532553393408,160390,149372,0,0
361,2020-12-01 20:57:48.827516,708,180,0.0,0.020630532553393408,127440,142950,0,0
362,2020-12-01 20:57:49.851098,674,205,0.0,0.020630532553393408,138170,135438,0,0
363,2020-12-01 20:57:50.879380,702,184,0.0,0.020630532553393408,129168,136910,0,0
364,2020-12-01 20:57:51.931292,693,192,0.0,0.020630532553393408,133056,129994,0,0
365,2020-12-01 20:57:52.955495,674,184,0.0,0.020630532553393408,124016,136766,0,0
366,2020-12-01 20:57:54.075475,690,205,0.0,0.020630532553393408,141450,151647,0,0
367,2020-12-01 20:57:55.163352,721,201,0.0,0.020630532553393408,144921,142871,0,0
368,2020-12-01 20:57:56.219277,717,183,0.0,0.020630532553393408,131211,133205,0,0
369,2020-12-01 20:57:57.243713,663,196,0.0,0.020630532553393408,129948,140979,0,0
370,2020-12-01 20:57:58.303122,701,189,0.0,0.020630532553393408,132489,138051,0,0
371,2020-12-01 20:57:59.359658,671,194,0.0,0.020630532553393408,130174,133915,0,0
372,2020-12-01 20:58:00.411541,651,187,0.0,0.020630532553393408,121737,139200,0,0
373,2020-12-01 20:58:01.439341,638,192,0.0,0.020630532553393408,122496,132750,0,0
374,2020-12-01 20:58:02.523292,687,219,0.0,0.020630532553393408,150453,148559,0,0
375,2020-12-01 20:58:03.615416,667,210,0.0,0.020630532553393408,140070,144782,0,0
376,2020-12-01 20:58:04.667120,648,217,0.0,0.020630532553393408,140616,132905,0,0
377,2020-12-01 20:58:05.691449,616,201,0.0,0.020630532553393408,123816,133566,0,0
378,2020-12-01 20:58:06.715363,655,208,0.0,0.020630532553393408,136240,141582,0,0
379,2020-12-01 20:58:07.771669,603,217,0.0,0.020630532553393408,130851,138539,0,0
380,2020-12-01 20:58:08.795380,650,211,0.0,0.020630532553393408,137150,132151,0,0
381,2020-12-01 20:58:09.818896,652,213,0.0,0.020630532553393408,138876,148873,0,0
382,2020-12-01 20:58:10.906748,657,233,0.0,0.020630532553393408,153081,151771,0,0
383,2020-12-01 20:58:11.995273,689,211,0.0,0.020630532553393408,145379,143353,0,0
384,2020-12-01 20:58:13.050647,689,203,0.0,0.020630532553393408,139867,155458,0,0
385,2020-12-01 20:58:14.075768,763,181,0.0,0.020630532553393408,138103,141682,0,0
386,2020-12-01 20:58:15.131168,731,180,0.0,0.020630532553393408,131580,126171,0,0
387,2020-12-01 20:58:16.155103,674,194,0.0,0.020630532553393408,130756,137764,0,0
388,2020-12-01 20:58:17.215086,694,182,0.0,0.020630532553393408,126308,139489,0,0
389,2020-12-01 20:58:18.331353,683,212,0.0,0.020630532553393408,144796,153017,0,0
390,2020-12-01 20:58:19.391494,665,211,0.0,0.020630532553393408,140315,139068,0,0
391,2020-12-01 20:58:20.443326,638,223,0.0,0.020630532553393408,142274,152923,0,0
392,2020-12-01 20:58:21.467159,702,180,0.0,0.020630532553393408,126360,130067,0,0
393,2020-12-01 20:58:22.491169,726,179,0.0,0.020630532553393408,129954,139575,0,0
394,2020-12-01 20:58:23.515357,721,211,0.0,0.020630532553393408,152131,161878,0,0
395,2020-12-01 20:58:24.571749,748,205,0.0,0.020630532553393408,153340,159783,0,0
396,2020-12-01 20:58:25.627348,735,212,0.0,0.020630532553393408,155820,144582,0,0
397,2020-12-01 20:58:26.683482,732,193,0.0,0.020630532553393408,141276,142483,0,0
398,2020-12-01 20:58:27.739156,709,180,0.0,0.020630532553393408,127620,145464,0,0
399,2020-12-01 20:58:28.763301,783,179,0.0,0.020630532553393408,140157,132114,0,0
400,2020-12-01 20:58:29.819089,724,175,0.0,0.020630532553393408,126700,133946,0,0
401,2020-12-01 20:58:30.843328,702,192,0.0,0.020630532553393408,134784,136280,0,0
402,2020-12-01 20:58:31.899051,625,203,0.0,0.020630532553393408,126875,139655,0,0
403,2020-12-01 20:58:32.924298,656,203,0.0,0.020630532553393408,133168,145108,0,0
404,2020-12-01 20:58:33.947116,638,213,0.0,0.020630532553393408,135894,140291,0,0
405,2020-12-01 20:58:35.003261,672,218,0.0,0.020630532553393408,146496,152899,0,0
406,2020-12-01 20:58:36.027199,678,189,0.0,0.020630532553393408,128142,131673,0,0
407,2020-12-01 20:58:37.082930,662,217,0.0,0.020630532553393408,143654,142410,0,0
408,2020-12-01 20:58:38.107417,764,172,0.0,0.020630532553393408,131408,132179,0,0
409,2020-12-01 20:58:39.168430,735,185,0.0,0.020630532553393408,135975,145530,0,0
410,2020-12-01 20:58:40.219177,787,170,0.0,0.020630532553393408,133790,138310,0,0
411,2020-12-01 20:58:41.275212,754,184,0.0,0.020630532553393408,138736,136047,0,0
412,2020-12-01 20:58:42.363375,745,192,0.0,0.020630532553393408,143040,149461,0,0
413,2020-12-01 20:58:43.391255,759,173,0.0,0.020630532553393408,131307,136664,0,0
414,2020-12-01 20:58:44.507390,751,184,0.0,0.020630532553393408,138184,143371,0,0
415,2020-12-01 20:58:45.563792,607,205,0.0,0.020630532553393408,124435,139022,0,0
416,2020-12-01 20:58:46.623369,677,219,0.0,0.020630532553393408,148263,128696,0,0
417,2020-12-01 20:58:47.676727,680,192,0.0,0.020630532553393408,130560,147943,0,0
418,2020-12-01 20:58:48.731572,698,192,0.0,0.020630532553393408,134016,144185,0,0
419,2020-12-01 20:58:49.787218,709,182,0.0,0.020630532553393408,129038,136183,0,0
420,2020-12-01 20:58:50.811420,681,177,0.0,0.020630532553393408,120537,123919,0,0
421,2020-12-01 20:58:51.839149,681,215,0.0,0.020630532553393408,146415,150567,0,0
422,2020-12-01 20:58:52.923270,746,215,0.0,0.020630532553393408,160390,165374,0,0
423,2020-12-01 20:58:53.947327,676,213,0.0,0.020630532553393408,143988,149690,0,0
424,2020-12-01 20:58:54.970578,748,200,0.0,0.020630532553393408,149600,149824,0,0
425,2020-12-01 20:58:56.031799,728,204,0.0,0.020630532553393408,148512,153312,0,0
426,2020-12-01 20:58:57.147442,740,236,0.0,0.020630532553393408,174640,177325,0,0
427,2020-12-01 20:58:58.171658,703,203,0.0,0.020630532553393408,142709,146969,0,0
428,2020-12-01 20:58:59.199300,751,207,0.0,0.020630532553393408,155457,158374,0,0
429,2020-12-01 20:59:00.251176,715,212,0.0,0.020630532553393408,151580,157549,0,0
430,2020-12-01 20:59:01.280357,722,205,0.0,0.020630532553393408,148010,165482,0,0
431,2020-12-01 20:59:02.368462,732,222,0.0,0.020630532553393408,162504,167059,0,0
432,2020-12-01 20:59:03.420323,769,206,0.0,0.020630532553393408,158414,160430,0,0
433,2020-12-01 20:59:04.479462,727,233,0.0,0.020630532553393408,169391,181683,0,0
434,2020-12-01 20:59:05.530954,729,207,0.0,0.020630532553393408,150903,146445,0,0
435,2020-12-01 20:59:06.587446,686,208,0.0,0.020630532553393408,142688,152023,0,0
436,2020-12-01 20:59:07.647154,734,221,0.0,0.020630532553393408,162214,166863,0,0
437,2020-12-01 20:59:08.699300,711,212,0.0,0.020630532553393408,150732,157294,0,0
438,2020-12-01 20:59:09.755900,741,214,0.0,0.020630532553393408,158574,153848,0,0
439,2020-12-01 20:59:10.783440,745,203,0.0,0.020630532553393408,151235,158485,0,0
440,2020-12-01 20:59:11.803472,748,208,0.0,0.020630532553393408,155584,156189,0,0
441,2020-12-01 20:59:12.831303,730,199,0.0,0.020630532553393408,145270,148561,0,0
442,2020-12-01 20:59:13.887426,698,210,0.0,0.020630532553393408,146580,155678,0,0
443,2020-12-01 20:59:14.971552,725,225,0.0,0.020630532553393408,163125,169364,0,0
444,2020-12-01 20:59:16.027385,702,214,0.0,0.020630532553393408,150228,156302,0,0
445,2020-12-01 20:59:17.055604,753,211,0.0,0.020630532553393408,158883,159799,0,0
446,2020-12-01 20:59:18.143358,723,216,0.0,0.020630532553393408,156168,157213,0,0
447,2020-12-01 20:59:19.195437,718,212,0.0,0.020630532553393408,152216,161983,0,0
448,2020-12-01 20:59:20.251334,729,212,0.0,0.020630532553393408,154548,149767,0,0
449,2020-12-01 20:59:21.275356,715,196,0.0,0.020630532553393408,140140,151944,0,0
450,2020-12-01 20:59:22.363610,738,209,0.0,0.020630532553393408,154242,162316,0,0
451,2020-12-01 20:59:23.419357,720,222,0.0,0.020630532553393408,159840,159342,0,0
452,2020-12-01 20:59:24.479435,769,200,0.0,0.020630532553393408,153800,156766,0,0
453,2020-12-01 20:59:25.535030,743,199,0.0,0.020630532553393408,147857,160397,0,0
454,2020-12-01 20:59:26.587439,717,212,0.0,0.020630532553393408,152004,156624,0,0
455,2020-12-01 20:59:27.611478,674,212,0.0,0.020630532553393408,142888,146163,0,0
456,2020-12-01 20:59:28.699177,718,218,0.0,0.020630532553393408,156524,158476,0,0
457,2020-12-01 20:59:29.787290,747,209,0.0,0.020630532553393408,156123,159857,0,0
458,2020-12-01 20:59:30.811232,761,189,0.0,0.020630532553393408,143829,145284,0,0
459,2020-12-01 20:59:31.835266,735,197,0.0,0.020630532553393408,144795,148996,0,0
460,2020-12-01 20:59:32.891160,712,198,0.0,0.020630532553393408,140976,148447,0,0
461,2020-12-01 20:59:33.979163,726,215,0.0,0.020630532553393408,156090,153886,0,0
462,2020-12-01 20:59:35.035656,759,191,0.0,0.020630532553393408,144969,149905,0,0
463,2020-12-01 20:59:36.063510,737,191,0.0,0.020630532553393408,140767,140668,0,0
464,2020-12-01 20:59:37.115533,720,199,0.0,0.020630532553393408,143280,154418,0,0
465,2020-12-01 20:59:38.139419,743,193,0.0,0.020630532553393408,143399,143374,0,0
466,2020-12-01 20:59:39.163125,716,195,0.0,0.020630532553393408,139620,141262,0,0
467,2020-12-01 20:59:40.187197,725,177,0.0,0.020630532553393408,128325,138567,0,0
468,2020-12-01 20:59:41.211375,720,197,0.0,0.020630532553393408,141840,136776,0,0
469,2020-12-01 20:59:42.267675,716,194,0.0,0.020630532553393408,138904,151738,0,0
470,2020-12-01 20:59:43.327449,710,230,0.0,0.020630532553393408,163300,165260,0,0
471,2020-12-01 20:59:44.411236,729,216,0.0,0.020630532553393408,157464,167914,0,0
472,2020-12-01 20:59:45.467148,760,232,0.0,0.020630532553393408,176320,171417,0,0
473,2020-12-01 20:59:46.523281,733,221,0.0,0.020630532553393408,161993,168517,0,0
474,2020-12-01 20:59:47.547319,740,208,0.0,0.020630532553393408,153920,156179,0,0
475,2020-12-01 20:59:48.607267,757,214,0.0,0.020630532553393408,161998,167513,0,0
476,2020-12-01 20:59:49.659492,711,206,0.0,0.020630532553393408,146466,148039,0,0
477,2020-12-01 20:59:50.683331,761,183,0.0,0.020630532553393408,139263,142917,0,0
478,2020-12-01 20:59:51.707424,693,200,0.0,0.020630532553393408,138600,153220,0,0
479,2020-12-01 20:59:52.763181,794,196,0.0,0.020630532553393408,155624,162967,0,0
480,2020-12-01 20:59:53.820870,677,222,0.0,0.020630532553393408,150294,149576,0,0
481,2020-12-01 20:59:54.875609,732,198,0.0,0.020630532553393408,144936,153696,0,0
482,2020-12-01 20:59:55.903221,726,198,0.0,0.020630532553393408,143748,165743,0,0
483,2020-12-01 20:59:56.955375,715,200,0.0,0.020630532553393408,143000,142914,0,0
484,2020-12-01 20:59:58.011595,738,194,0.0,0.020630532553393408,143172,154950,0,0
485,2020-12-01 20:59:59.099353,715,209,0.0,0.020630532553393408,149435,146735,0,0
486,2020-12-01 21:00:00.123520,692,194,0.0,0.020630532553393408,134248,135314,0,0
487,2020-12-01 21:00:01.151840,750,188,0.0,0.020630532553393408,141000,149855,0,0
488,2020-12-01 21:00:02.203988,716,191,0.0,0.020630532553393408,136756,146033,0,0
489,2020-12-01 21:00:03.263775,739,192,0.0,0.020630532553393408,141888,146998,0,0
490,2020-12-01 21:00:04.351303,715,213,0.0,0.020630532553393408,152295,156648,0,0
491,2020-12-01 21:00:05.435741,695,220,0.0,0.020630532553393408,152900,160668,0,0
492,2020-12-01 21:00:06.463350,715,204,0.0,0.020630532553393408,145860,146384,0,0
493,2020-12-01 21:00:07.515504,726,198,0.0,0.020630532553393408,143748,148002,0,0
494,2020-12-01 21:00:08.539401,721,203,0.0,0.020630532553393408,146363,148624,0,0
495,2020-12-01 21:00:09.598561,722,193,0.0,0.020630532553393408,139346,156902,0,0
496,2020-12-01 21:00:10.687412,774,229,0.0,0.020630532553393408,177246,171491,0,0
497,2020-12-01 21:00:11.771821,733,222,0.0,0.020630532553393408,162726,162589,0,0
498,2020-12-01 21:00:12.831154,758,196,0.0,0.020630532553393408,148568,157854,0,0
499,2020-12-01 21:00:13.915459,724,227,0.0,0.020630532553393408,164348,178071,0,0
500,2020-12-01 21:00:14.943183,743,219,0.0,0.020630532553393408,162717,156900,0,0
501,2020-12-01 21:00:16.027294,686,231,0.0,0.020630532553393408,158466,161664,0,0
502,2020-12-01 21:00:17.055196,765,200,0.0,0.020630532553393408,153000,155760,0,0
503,2020-12-01 21:00:18.107452,727,206,0.0,0.020630532553393408,149762,149462,0,0
504,2020-12-01 21:00:19.131138,726,202,0.0,0.020630532553393408,146652,155570,0,0
505,2020-12-01 21:00:20.155405,709,198,0.0,0.020630532553393408,140382,145340,0,0
506,2020-12-01 21:00:21.211372,729,194,0.0,0.020630532553393408,141426,146345,0,0
507,2020-12-01 21:00:22.235265,723,190,0.0,0.020630532553393408,137370,144423,0,0
508,2020-12-01 21:00:23.263686,735,203,0.0,0.020630532553393408,149205,150752,0,0
509,2020-12-01 21:00:24.315481,742,198,0.0,0.020630532553393408,146916,159004,0,0
510,2020-12-01 21:00:25.343587,734,199,0.0,0.020630532553393408,146066,145602,0,0
511,2020-12-01 21:00:26.427640,730,209,0.0,0.020630532553393408,152570,160249,0,0
512,2020-12-01 21:00:27.451193,723,195,0.0,0.020630532553393408,140985,143315,0,0
513,2020-12-01 21:00:28.479247,755,194,0.0,0.020630532553393408,146470,148513,0,0
514,2020-12-01 21:00:29.563508,723,197,0.0,0.020630532553393408,142431,144170,0,0
515,2020-12-01 21:00:30.619482,709,194,0.0,0.020630532553393408,137546,145845,0,0
516,2020-12-01 21:00:31.643326,703,201,0.0,0.020630532553393408,141303,141648,0,0
517,2020-12-01 21:00:32.667434,720,182,0.0,0.020630532553393408,131040,140257,0,0
518,2020-12-01 21:00:33.692460,728,185,0.0,0.020630532553393408,134680,135033,0,0
519,2020-12-01 21:00:34.747204,715,202,0.0,0.020630532553393408,144430,148944,0,0
520,2020-12-01 21:00:35.803860,720,201,0.0,0.020630532553393408,144720,152902,0,0
521,2020-12-01 21:00:36.859474,711,205,0.0,0.020630532553393408,145755,148648,0,0
522,2020-12-01 21:00:37.915350,748,197,0.0,0.020630532553393408,147356,154350,0,0
523,2020-12-01 21:00:38.971193,718,205,0.0,0.020630532553393408,147190,149735,0,0
524,2020-12-01 21:00:40.027393,758,198,0.0,0.020630532553393408,150084,157262,0,0
525,2020-12-01 21:00:41.083706,736,192,0.0,0.020630532553393408,141312,152109,0,0
526,2020-12-01 21:00:42.171535,719,204,0.0,0.020630532553393408,146676,155241,0,0
527,2020-12-01 21:00:43.195136,694,213,0.0,0.020630532553393408,147822,148306,0,0
528,2020-12-01 21:00:44.255580,701,205,0.0,0.020630532553393408,143705,159723,0,0
529,2020-12-01 21:00:45.339718,736,223,0.0,0.020630532553393408,164128,159366,0,0
530,2020-12-01 21:00:46.427389,688,227,0.0,0.020630532553393408,156176,162621,0,0
531,2020-12-01 21:00:47.483544,705,213,0.0,0.020630532553393408,150165,151909,0,0
532,2020-12-01 21:00:48.543220,732,200,0.0,0.020630532553393408,146400,152892,0,0
533,2020-12-01 21:00:49.659195,683,208,0.0,0.020630532553393408,142064,145596,0,0
534,2020-12-01 21:00:50.683217,728,203,0.0,0.020630532553393408,147784,148151,0,0
535,2020-12-01 21:00:51.739461,708,206,0.0,0.020630532553393408,145848,145834,0,0
536,2020-12-01 21:00:52.763423,605,215,0.0,0.020630532553393408,130075,150725,0,0
537,2020-12-01 21:00:53.791382,683,205,0.0,0.020630532553393408,140015,134823,0,0
538,2020-12-01 21:00:54.843288,717,185,0.0,0.020630532553393408,132645,140329,0,0
539,2020-12-01 21:00:55.867202,679,196,0.0,0.020630532553393408,133084,136421,0,0
540,2020-12-01 21:00:56.891299,685,196,0.0,0.020630532553393408,134260,137340,0,0
541,2020-12-01 21:00:57.947208,682,214,0.0,0.020630532553393408,145948,150846,0,0
542,2020-12-01 21:00:59.003325,757,216,0.0,0.020630532553393408,163512,175916,0,0
543,2020-12-01 21:01:00.027175,751,221,0.0,0.020630532553393408,165971,162823,0,0
544,2020-12-01 21:01:01.051579,735,210,0.0,0.020630532553393408,154350,172200,0,0
545,2020-12-01 21:01:02.107574,739,218,0.0,0.020630532553393408,161102,174402,0,0
546,2020-12-01 21:01:03.195107,692,224,0.0,0.020630532553393408,155008,146322,0,0
547,2020-12-01 21:01:04.251473,591,207,0.0,0.020630532553393408,122337,146632,0,0
548,2020-12-01 21:01:05.275098,627,229,0.0,0.020630532553393408,143583,136698,0,0
549,2020-12-01 21:01:06.299435,593,215,0.0,0.020630532553393408,127495,131666,0,0
550,2020-12-01 21:01:07.323427,748,187,0.0,0.020630532553393408,139876,145250,0,0
551,2020-12-01 21:01:08.411441,702,206,0.0,0.020630532553393408,144612,147331,0,0
552,2020-12-01 21:01:09.435546,716,189,0.0,0.020630532553393408,135324,132594,0,0
553,2020-12-01 21:01:10.491394,721,191,0.0,0.020630532553393408,137711,160468,0,0
554,2020-12-01 21:01:11.514603,745,179,0.0,0.020630532553393408,133355,133985,0,0
555,2020-12-01 21:01:12.603832,713,193,0.0,0.020630532553393408,137609,156762,0,0
556,2020-12-01 21:01:13.659843,709,183,0.0,0.020630532553393408,129747,146432,0,0
557,2020-12-01 21:01:14.683330,695,185,0.0,0.020630532553393408,128575,123305,0,0
558,2020-12-01 21:01:15.739460,702,189,0.0,0.020630532553393408,132678,142429,0,0
559,2020-12-01 21:01:16.795596,670,200,0.0,0.020630532553393408,134000,134381,0,0
560,2020-12-01 21:01:17.851747,625,206,0.0,0.020630532553393408,128750,140113,0,0
561,2020-12-01 21:01:18.875471,673,207,0.0,0.020630532553393408,139311,145164,0,0
562,2020-12-01 21:01:19.931181,600,211,0.0,0.020630532553393408,126600,144618,0,0
563,2020-12-01 21:01:20.987214,707,197,0.0,0.020630532553393408,139279,150707,0,0
564,2020-12-01 21:01:22.043268,741,195,0.0,0.020630532553393408,144495,139317,0,0
565,2020-12-01 21:01:23.099546,682,202,0.0,0.020630532553393408,137764,151070,0,0
566,2020-12-01 21:01:24.155405,678,187,0.0,0.020630532553393408,126786,138796,0,0
567,2020-12-01 21:01:25.243244,719,198,0.0,0.020630532553393408,142362,140151,0,0
568,2020-12-01 21:01:26.267324,692,186,0.0,0.020630532553393408,128712,140176,0,0
569,2020-12-01 21:01:27.295110,694,190,0.0,0.020630532553393408,131860,140048,0,0
570,2020-12-01 21:01:28.347605,696,190,0.0,0.020630532553393408,132240,136385,0,0
